id,method,boxed,finish_reason,output_token_count,hit_max_new_tokens,response_file
246,memory_inception,\frac{0.323}{x} e^{0.207 x},stop,13272,False,C:\Users\Ayham\Documents\New project\results\benchmarks\hardmath\bank_weight_full300_ml9_hygiene_heavy_p1p5_m2p5_c2_comp1_h200_threadcap_mem70_seqs2_20260504_071010\qwen3_moe_math_outputs_vllm_shards\hardmath_mini300_hygiene_heavy_p1p5_m2p5_c2_comp1_h200_threadcap_mem70_seqs2_ml9_shard3_t16384\canonical_memory_profile_heuristic_completion_rho4.00_pg3.00_planner1.50_math2.50_checker2.00_completion1.00_routing_hybrid\HARDMath_mini\response.jsonl
246,memory_inception,,length,1,True,C:\Users\Ayham\Documents\New project\results\benchmarks\hardmath\bank_weight_full300_ml9_hygiene_heavy_p1p5_m2p5_c2_comp1_h200_threadcap_mem70_seqs2_20260504_071010\prebuild_outputs\prebuild_hygiene_heavy_p1p5_m2p5_c2_comp1_h200_threadcap_mem70_seqs2_ml9\canonical_memory_profile_heuristic_completion_rho4.00_pg3.00_planner1.50_math2.50_checker2.00_completion1.00_routing_hybrid\HARDMath_mini\response.jsonl
247,memory_inception,-\frac{0.809}{x} e^{-4.105 x},stop,15588,False,C:\Users\Ayham\Documents\New project\results\benchmarks\hardmath\bank_weight_full300_ml9_hygiene_heavy_p1p5_m2p5_c2_comp1_h200_threadcap_mem70_seqs2_20260504_071010\qwen3_moe_math_outputs_vllm_shards\hardmath_mini300_hygiene_heavy_p1p5_m2p5_c2_comp1_h200_threadcap_mem70_seqs2_ml9_shard3_t16384\canonical_memory_profile_heuristic_completion_rho4.00_pg3.00_planner1.50_math2.50_checker2.00_completion1.00_routing_hybrid\HARDMath_mini\response.jsonl
248,memory_inception,\frac{0.1815}{x} e^{-0.5319 x},stop,12037,False,C:\Users\Ayham\Documents\New project\results\benchmarks\hardmath\bank_weight_full300_ml9_hygiene_heavy_p1p5_m2p5_c2_comp1_h200_threadcap_mem70_seqs2_20260504_071010\qwen3_moe_math_outputs_vllm_shards\hardmath_mini300_hygiene_heavy_p1p5_m2p5_c2_comp1_h200_threadcap_mem70_seqs2_ml9_shard3_t16384\canonical_memory_profile_heuristic_completion_rho4.00_pg3.00_planner1.50_math2.50_checker2.00_completion1.00_routing_hybrid\HARDMath_mini\response.jsonl
249,memory_inception,I(x) \sim e^{-x f(t_0)} \cdot g(t_0) \cdot \sqrt{\frac{2\pi}{x |f''(t_0)|}},stop,10944,False,C:\Users\Ayham\Documents\New project\results\benchmarks\hardmath\bank_weight_full300_ml9_hygiene_heavy_p1p5_m2p5_c2_comp1_h200_threadcap_mem70_seqs2_20260504_071010\qwen3_moe_math_outputs_vllm_shards\hardmath_mini300_hygiene_heavy_p1p5_m2p5_c2_comp1_h200_threadcap_mem70_seqs2_ml9_shard3_t16384\canonical_memory_profile_heuristic_completion_rho4.00_pg3.00_planner1.50_math2.50_checker2.00_completion1.00_routing_hybrid\HARDMath_mini\response.jsonl
250,memory_inception,\frac{0.6 \cdot 0.9^5 + 1.8 \cdot 0.9}{x \left(9.2 \cdot 0.9^3 + 2.0 \cos(0.9)\right)} e^{x \left(2.3 \cdot 0.9^4 + 2.0 \sin(0.9) - 2.6\right)},stop,11383,False,C:\Users\Ayham\Documents\New project\results\benchmarks\hardmath\bank_weight_full300_ml9_hygiene_heavy_p1p5_m2p5_c2_comp1_h200_threadcap_mem70_seqs2_20260504_071010\qwen3_moe_math_outputs_vllm_shards\hardmath_mini300_hygiene_heavy_p1p5_m2p5_c2_comp1_h200_threadcap_mem70_seqs2_ml9_shard3_t16384\canonical_memory_profile_heuristic_completion_rho4.00_pg3.00_planner1.50_math2.50_checker2.00_completion1.00_routing_hybrid\HARDMath_mini\response.jsonl
251,memory_inception,\frac{0.144}{4.5628 x} e^{1.245 x},stop,11729,False,C:\Users\Ayham\Documents\New project\results\benchmarks\hardmath\bank_weight_full300_ml9_hygiene_heavy_p1p5_m2p5_c2_comp1_h200_threadcap_mem70_seqs2_20260504_071010\qwen3_moe_math_outputs_vllm_shards\hardmath_mini300_hygiene_heavy_p1p5_m2p5_c2_comp1_h200_threadcap_mem70_seqs2_ml9_shard3_t16384\canonical_memory_profile_heuristic_completion_rho4.00_pg3.00_planner1.50_math2.50_checker2.00_completion1.00_routing_hybrid\HARDMath_mini\response.jsonl
252,memory_inception,\frac{2.88}{x} e^{-1.16 x},stop,10145,False,C:\Users\Ayham\Documents\New project\results\benchmarks\hardmath\bank_weight_full300_ml9_hygiene_heavy_p1p5_m2p5_c2_comp1_h200_threadcap_mem70_seqs2_20260504_071010\qwen3_moe_math_outputs_vllm_shards\hardmath_mini300_hygiene_heavy_p1p5_m2p5_c2_comp1_h200_threadcap_mem70_seqs2_ml9_shard3_t16384\canonical_memory_profile_heuristic_completion_rho4.00_pg3.00_planner1.50_math2.50_checker2.00_completion1.00_routing_hybrid\HARDMath_mini\response.jsonl
253,memory_inception,\frac{0.64768}{2.5866 x} e^{0.257074 x},stop,7399,False,C:\Users\Ayham\Documents\New project\results\benchmarks\hardmath\bank_weight_full300_ml9_hygiene_heavy_p1p5_m2p5_c2_comp1_h200_threadcap_mem70_seqs2_20260504_071010\qwen3_moe_math_outputs_vllm_shards\hardmath_mini300_hygiene_heavy_p1p5_m2p5_c2_comp1_h200_threadcap_mem70_seqs2_ml9_shard3_t16384\canonical_memory_profile_heuristic_completion_rho4.00_pg3.00_planner1.50_math2.50_checker2.00_completion1.00_routing_hybrid\HARDMath_mini\response.jsonl
254,memory_inception,-\dfrac{1.038}{x} e^{-0.0284 x},stop,12256,False,C:\Users\Ayham\Documents\New project\results\benchmarks\hardmath\bank_weight_full300_ml9_hygiene_heavy_p1p5_m2p5_c2_comp1_h200_threadcap_mem70_seqs2_20260504_071010\qwen3_moe_math_outputs_vllm_shards\hardmath_mini300_hygiene_heavy_p1p5_m2p5_c2_comp1_h200_threadcap_mem70_seqs2_ml9_shard3_t16384\canonical_memory_profile_heuristic_completion_rho4.00_pg3.00_planner1.50_math2.50_checker2.00_completion1.00_routing_hybrid\HARDMath_mini\response.jsonl
255,memory_inception,\dfrac{4}{3x} e^{0.19683 x},stop,9971,False,C:\Users\Ayham\Documents\New project\results\benchmarks\hardmath\bank_weight_full300_ml9_hygiene_heavy_p1p5_m2p5_c2_comp1_h200_threadcap_mem70_seqs2_20260504_071010\qwen3_moe_math_outputs_vllm_shards\hardmath_mini300_hygiene_heavy_p1p5_m2p5_c2_comp1_h200_threadcap_mem70_seqs2_ml9_shard3_t16384\canonical_memory_profile_heuristic_completion_rho4.00_pg3.00_planner1.50_math2.50_checker2.00_completion1.00_routing_hybrid\HARDMath_mini\response.jsonl
256,memory_inception,-\dfrac{1.026}{x} e^{-0.0675 x},stop,11306,False,C:\Users\Ayham\Documents\New project\results\benchmarks\hardmath\bank_weight_full300_ml9_hygiene_heavy_p1p5_m2p5_c2_comp1_h200_threadcap_mem70_seqs2_20260504_071010\qwen3_moe_math_outputs_vllm_shards\hardmath_mini300_hygiene_heavy_p1p5_m2p5_c2_comp1_h200_threadcap_mem70_seqs2_ml9_shard3_t16384\canonical_memory_profile_heuristic_completion_rho4.00_pg3.00_planner1.50_math2.50_checker2.00_completion1.00_routing_hybrid\HARDMath_mini\response.jsonl
257,memory_inception,-\dfrac{4.8464}{8.184 x} e^{2.35904 x},stop,12271,False,C:\Users\Ayham\Documents\New project\results\benchmarks\hardmath\bank_weight_full300_ml9_hygiene_heavy_p1p5_m2p5_c2_comp1_h200_threadcap_mem70_seqs2_20260504_071010\qwen3_moe_math_outputs_vllm_shards\hardmath_mini300_hygiene_heavy_p1p5_m2p5_c2_comp1_h200_threadcap_mem70_seqs2_ml9_shard3_t16384\canonical_memory_profile_heuristic_completion_rho4.00_pg3.00_planner1.50_math2.50_checker2.00_completion1.00_routing_hybrid\HARDMath_mini\response.jsonl
258,memory_inception,-\frac{0.0044}{x} e^{0.8918 x},stop,14034,False,C:\Users\Ayham\Documents\New project\results\benchmarks\hardmath\bank_weight_full300_ml9_hygiene_heavy_p1p5_m2p5_c2_comp1_h200_threadcap_mem70_seqs2_20260504_071010\qwen3_moe_math_outputs_vllm_shards\hardmath_mini300_hygiene_heavy_p1p5_m2p5_c2_comp1_h200_threadcap_mem70_seqs2_ml9_shard3_t16384\canonical_memory_profile_heuristic_completion_rho4.00_pg3.00_planner1.50_math2.50_checker2.00_completion1.00_routing_hybrid\HARDMath_mini\response.jsonl
259,memory_inception,\frac{2.7(0.1)^3 - 2.2(0.1) + 3.3\arctan(0.1) - 2.9}{x(-12(0.1)^4 + 7.8(0.1)^2 + 7.4(0.1) + 1.4)} e^{x(-2.4(0.1)^5 + 2.6(0.1)^3 + 3.7(0.1)^2 + 1.4(0.1))},stop,14123,False,C:\Users\Ayham\Documents\New project\results\benchmarks\hardmath\bank_weight_full300_ml9_hygiene_heavy_p1p5_m2p5_c2_comp1_h200_threadcap_mem70_seqs2_20260504_071010\qwen3_moe_math_outputs_vllm_shards\hardmath_mini300_hygiene_heavy_p1p5_m2p5_c2_comp1_h200_threadcap_mem70_seqs2_ml9_shard3_t16384\canonical_memory_profile_heuristic_completion_rho4.00_pg3.00_planner1.50_math2.50_checker2.00_completion1.00_routing_hybrid\HARDMath_mini\response.jsonl
260,memory_inception,-\frac{4.2146}{7.047 x} e^{2.1141 x},stop,11884,False,C:\Users\Ayham\Documents\New project\results\benchmarks\hardmath\bank_weight_full300_ml9_hygiene_heavy_p1p5_m2p5_c2_comp1_h200_threadcap_mem70_seqs2_20260504_071010\qwen3_moe_math_outputs_vllm_shards\hardmath_mini300_hygiene_heavy_p1p5_m2p5_c2_comp1_h200_threadcap_mem70_seqs2_ml9_shard3_t16384\canonical_memory_profile_heuristic_completion_rho4.00_pg3.00_planner1.50_math2.50_checker2.00_completion1.00_routing_hybrid\HARDMath_mini\response.jsonl
261,memory_inception,,length,16384,True,C:\Users\Ayham\Documents\New project\results\benchmarks\hardmath\bank_weight_full300_ml9_hygiene_heavy_p1p5_m2p5_c2_comp1_h200_threadcap_mem70_seqs2_20260504_071010\qwen3_moe_math_outputs_vllm_shards\hardmath_mini300_hygiene_heavy_p1p5_m2p5_c2_comp1_h200_threadcap_mem70_seqs2_ml9_shard3_t16384\canonical_memory_profile_heuristic_completion_rho4.00_pg3.00_planner1.50_math2.50_checker2.00_completion1.00_routing_hybrid\HARDMath_mini\response.jsonl
262,memory_inception,-\dfrac{1.525}{x} e^{0.262144 x},stop,13945,False,C:\Users\Ayham\Documents\New project\results\benchmarks\hardmath\bank_weight_full300_ml9_hygiene_heavy_p1p5_m2p5_c2_comp1_h200_threadcap_mem70_seqs2_20260504_071010\qwen3_moe_math_outputs_vllm_shards\hardmath_mini300_hygiene_heavy_p1p5_m2p5_c2_comp1_h200_threadcap_mem70_seqs2_ml9_shard3_t16384\canonical_memory_profile_heuristic_completion_rho4.00_pg3.00_planner1.50_math2.50_checker2.00_completion1.00_routing_hybrid\HARDMath_mini\response.jsonl
263,memory_inception,\frac{ -3.0 \sin(0.4) }{ x (2.4 \cdot 0.4 + 2.3 - 0.8 \sin(0.4)) } \exp\left( x \left( 1.2 \cdot (0.4)^2 + 2.3 \cdot 0.4 + 0.8 \cos(0.4) \right) \right),stop,11183,False,C:\Users\Ayham\Documents\New project\results\benchmarks\hardmath\bank_weight_full300_ml9_hygiene_heavy_p1p5_m2p5_c2_comp1_h200_threadcap_mem70_seqs2_20260504_071010\qwen3_moe_math_outputs_vllm_shards\hardmath_mini300_hygiene_heavy_p1p5_m2p5_c2_comp1_h200_threadcap_mem70_seqs2_ml9_shard3_t16384\canonical_memory_profile_heuristic_completion_rho4.00_pg3.00_planner1.50_math2.50_checker2.00_completion1.00_routing_hybrid\HARDMath_mini\response.jsonl
264,memory_inception,,length,16384,True,C:\Users\Ayham\Documents\New project\results\benchmarks\hardmath\bank_weight_full300_ml9_hygiene_heavy_p1p5_m2p5_c2_comp1_h200_threadcap_mem70_seqs2_20260504_071010\qwen3_moe_math_outputs_vllm_shards\hardmath_mini300_hygiene_heavy_p1p5_m2p5_c2_comp1_h200_threadcap_mem70_seqs2_ml9_shard3_t16384\canonical_memory_profile_heuristic_completion_rho4.00_pg3.00_planner1.50_math2.50_checker2.00_completion1.00_routing_hybrid\HARDMath_mini\response.jsonl
265,memory_inception,\frac{2 \cdot (0.3)^5 + (0.3)^2 + 2.4 \sin(0.3)}{1.8 \cdot (0.3)^2 x} e^{0.6 \cdot (0.3)^3 x},stop,9992,False,C:\Users\Ayham\Documents\New project\results\benchmarks\hardmath\bank_weight_full300_ml9_hygiene_heavy_p1p5_m2p5_c2_comp1_h200_threadcap_mem70_seqs2_20260504_071010\qwen3_moe_math_outputs_vllm_shards\hardmath_mini300_hygiene_heavy_p1p5_m2p5_c2_comp1_h200_threadcap_mem70_seqs2_ml9_shard3_t16384\canonical_memory_profile_heuristic_completion_rho4.00_pg3.00_planner1.50_math2.50_checker2.00_completion1.00_routing_hybrid\HARDMath_mini\response.jsonl
266,memory_inception,,length,16384,True,C:\Users\Ayham\Documents\New project\results\benchmarks\hardmath\bank_weight_full300_ml9_hygiene_heavy_p1p5_m2p5_c2_comp1_h200_threadcap_mem70_seqs2_20260504_071010\qwen3_moe_math_outputs_vllm_shards\hardmath_mini300_hygiene_heavy_p1p5_m2p5_c2_comp1_h200_threadcap_mem70_seqs2_ml9_shard3_t16384\canonical_memory_profile_heuristic_completion_rho4.00_pg3.00_planner1.50_math2.50_checker2.00_completion1.00_routing_hybrid\HARDMath_mini\response.jsonl
267,memory_inception,\frac{(-2.3 \cdot 0.7 + 1.2 \cos(0.7))}{x \cdot 2.1 \cdot 5 \cdot 0.7^4} e^{x \cdot 2.1 \cdot 0.7^5},stop,11264,False,C:\Users\Ayham\Documents\New project\results\benchmarks\hardmath\bank_weight_full300_ml9_hygiene_heavy_p1p5_m2p5_c2_comp1_h200_threadcap_mem70_seqs2_20260504_071010\qwen3_moe_math_outputs_vllm_shards\hardmath_mini300_hygiene_heavy_p1p5_m2p5_c2_comp1_h200_threadcap_mem70_seqs2_ml9_shard3_t16384\canonical_memory_profile_heuristic_completion_rho4.00_pg3.00_planner1.50_math2.50_checker2.00_completion1.00_routing_hybrid\HARDMath_mini\response.jsonl
268,memory_inception,-\frac{3.6388}{4.4048 x} e^{1.9275 x},stop,14039,False,C:\Users\Ayham\Documents\New project\results\benchmarks\hardmath\bank_weight_full300_ml9_hygiene_heavy_p1p5_m2p5_c2_comp1_h200_threadcap_mem70_seqs2_20260504_071010\qwen3_moe_math_outputs_vllm_shards\hardmath_mini300_hygiene_heavy_p1p5_m2p5_c2_comp1_h200_threadcap_mem70_seqs2_ml9_shard3_t16384\canonical_memory_profile_heuristic_completion_rho4.00_pg3.00_planner1.50_math2.50_checker2.00_completion1.00_routing_hybrid\HARDMath_mini\response.jsonl
269,memory_inception,\frac{1.7 \sin(0.4)}{x (1.1 \cos(0.4) - 0.5)} e^{x (0.2 - 1.1 \sin(0.4))},stop,11341,False,C:\Users\Ayham\Documents\New project\results\benchmarks\hardmath\bank_weight_full300_ml9_hygiene_heavy_p1p5_m2p5_c2_comp1_h200_threadcap_mem70_seqs2_20260504_071010\qwen3_moe_math_outputs_vllm_shards\hardmath_mini300_hygiene_heavy_p1p5_m2p5_c2_comp1_h200_threadcap_mem70_seqs2_ml9_shard3_t16384\canonical_memory_profile_heuristic_completion_rho4.00_pg3.00_planner1.50_math2.50_checker2.00_completion1.00_routing_hybrid\HARDMath_mini\response.jsonl
270,memory_inception,-\frac{0.045 - 0.4 \arctan(0.3)}{0.1377 x} e^{-0.008748 x},stop,14134,False,C:\Users\Ayham\Documents\New project\results\benchmarks\hardmath\bank_weight_full300_ml9_hygiene_heavy_p1p5_m2p5_c2_comp1_h200_threadcap_mem70_seqs2_20260504_071010\qwen3_moe_math_outputs_vllm_shards\hardmath_mini300_hygiene_heavy_p1p5_m2p5_c2_comp1_h200_threadcap_mem70_seqs2_ml9_shard3_t16384\canonical_memory_profile_heuristic_completion_rho4.00_pg3.00_planner1.50_math2.50_checker2.00_completion1.00_routing_hybrid\HARDMath_mini\response.jsonl
271,memory_inception,-\frac{1.726}{7.47 x} e^{0.185 x},stop,13411,False,C:\Users\Ayham\Documents\New project\results\benchmarks\hardmath\bank_weight_full300_ml9_hygiene_heavy_p1p5_m2p5_c2_comp1_h200_threadcap_mem70_seqs2_20260504_071010\qwen3_moe_math_outputs_vllm_shards\hardmath_mini300_hygiene_heavy_p1p5_m2p5_c2_comp1_h200_threadcap_mem70_seqs2_ml9_shard3_t16384\canonical_memory_profile_heuristic_completion_rho4.00_pg3.00_planner1.50_math2.50_checker2.00_completion1.00_routing_hybrid\HARDMath_mini\response.jsonl
272,memory_inception,\frac{2.591}{0.288 x} e^{0.0192 x},stop,12149,False,C:\Users\Ayham\Documents\New project\results\benchmarks\hardmath\bank_weight_full300_ml9_hygiene_heavy_p1p5_m2p5_c2_comp1_h200_threadcap_mem70_seqs2_20260504_071010\qwen3_moe_math_outputs_vllm_shards\hardmath_mini300_hygiene_heavy_p1p5_m2p5_c2_comp1_h200_threadcap_mem70_seqs2_ml9_shard3_t16384\canonical_memory_profile_heuristic_completion_rho4.00_pg3.00_planner1.50_math2.50_checker2.00_completion1.00_routing_hybrid\HARDMath_mini\response.jsonl
273,memory_inception,-\frac{0.1 \cos(-0.6) + 2.5 \arctan(-0.6)}{x \left(0.3 (-0.6)^2 + 2.2 + 0.5 \cos(-0.6) - 0.9 \sin(-0.6)\right)} e^{-x \left(0.1 (-0.6)^3 + 2.2 (-0.6) + 0.5 \sin(-0.6) + 0.9 \cos(-0.6)\right)},stop,15452,False,C:\Users\Ayham\Documents\New project\results\benchmarks\hardmath\bank_weight_full300_ml9_hygiene_heavy_p1p5_m2p5_c2_comp1_h200_threadcap_mem70_seqs2_20260504_071010\qwen3_moe_math_outputs_vllm_shards\hardmath_mini300_hygiene_heavy_p1p5_m2p5_c2_comp1_h200_threadcap_mem70_seqs2_ml9_shard3_t16384\canonical_memory_profile_heuristic_completion_rho4.00_pg3.00_planner1.50_math2.50_checker2.00_completion1.00_routing_hybrid\HARDMath_mini\response.jsonl
274,memory_inception,\frac{(-1.7 \sin(1) - 0.7) e^{x \left(1.2 + 0.55\pi\right)}}{11.5 x},stop,12686,False,C:\Users\Ayham\Documents\New project\results\benchmarks\hardmath\bank_weight_full300_ml9_hygiene_heavy_p1p5_m2p5_c2_comp1_h200_threadcap_mem70_seqs2_20260504_071010\qwen3_moe_math_outputs_vllm_shards\hardmath_mini300_hygiene_heavy_p1p5_m2p5_c2_comp1_h200_threadcap_mem70_seqs2_ml9_shard3_t16384\canonical_memory_profile_heuristic_completion_rho4.00_pg3.00_planner1.50_math2.50_checker2.00_completion1.00_routing_hybrid\HARDMath_mini\response.jsonl
275,memory_inception,,length,16384,True,C:\Users\Ayham\Documents\New project\results\benchmarks\hardmath\bank_weight_full300_ml9_hygiene_heavy_p1p5_m2p5_c2_comp1_h200_threadcap_mem70_seqs2_20260504_071010\qwen3_moe_math_outputs_vllm_shards\hardmath_mini300_hygiene_heavy_p1p5_m2p5_c2_comp1_h200_threadcap_mem70_seqs2_ml9_shard3_t16384\canonical_memory_profile_heuristic_completion_rho4.00_pg3.00_planner1.50_math2.50_checker2.00_completion1.00_routing_hybrid\HARDMath_mini\response.jsonl
276,memory_inception,-\frac{0.0162}{2.5832 x} e^{-1.4983 x},stop,16373,False,C:\Users\Ayham\Documents\New project\results\benchmarks\hardmath\bank_weight_full300_ml9_hygiene_heavy_p1p5_m2p5_c2_comp1_h200_threadcap_mem70_seqs2_20260504_071010\qwen3_moe_math_outputs_vllm_shards\hardmath_mini300_hygiene_heavy_p1p5_m2p5_c2_comp1_h200_threadcap_mem70_seqs2_ml9_shard3_t16384\canonical_memory_profile_heuristic_completion_rho4.00_pg3.00_planner1.50_math2.50_checker2.00_completion1.00_routing_hybrid\HARDMath_mini\response.jsonl
277,memory_inception,\frac{1.39}{x} e^{0.64 x},stop,15354,False,C:\Users\Ayham\Documents\New project\results\benchmarks\hardmath\bank_weight_full300_ml9_hygiene_heavy_p1p5_m2p5_c2_comp1_h200_threadcap_mem70_seqs2_20260504_071010\qwen3_moe_math_outputs_vllm_shards\hardmath_mini300_hygiene_heavy_p1p5_m2p5_c2_comp1_h200_threadcap_mem70_seqs2_ml9_shard3_t16384\canonical_memory_profile_heuristic_completion_rho4.00_pg3.00_planner1.50_math2.50_checker2.00_completion1.00_routing_hybrid\HARDMath_mini\response.jsonl
278,memory_inception,,length,16384,True,C:\Users\Ayham\Documents\New project\results\benchmarks\hardmath\bank_weight_full300_ml9_hygiene_heavy_p1p5_m2p5_c2_comp1_h200_threadcap_mem70_seqs2_20260504_071010\qwen3_moe_math_outputs_vllm_shards\hardmath_mini300_hygiene_heavy_p1p5_m2p5_c2_comp1_h200_threadcap_mem70_seqs2_ml9_shard3_t16384\canonical_memory_profile_heuristic_completion_rho4.00_pg3.00_planner1.50_math2.50_checker2.00_completion1.00_routing_hybrid\HARDMath_mini\response.jsonl
279,memory_inception,\frac{g(-0.2)}{x |\phi'(-0.2)|} e^{-x \phi(-0.2)},length,16384,True,C:\Users\Ayham\Documents\New project\results\benchmarks\hardmath\bank_weight_full300_ml9_hygiene_heavy_p1p5_m2p5_c2_comp1_h200_threadcap_mem70_seqs2_20260504_071010\qwen3_moe_math_outputs_vllm_shards\hardmath_mini300_hygiene_heavy_p1p5_m2p5_c2_comp1_h200_threadcap_mem70_seqs2_ml9_shard3_t16384\canonical_memory_profile_heuristic_completion_rho4.00_pg3.00_planner1.50_math2.50_checker2.00_completion1.00_routing_hybrid\HARDMath_mini\response.jsonl
280,memory_inception,,length,16384,True,C:\Users\Ayham\Documents\New project\results\benchmarks\hardmath\bank_weight_full300_ml9_hygiene_heavy_p1p5_m2p5_c2_comp1_h200_threadcap_mem70_seqs2_20260504_071010\qwen3_moe_math_outputs_vllm_shards\hardmath_mini300_hygiene_heavy_p1p5_m2p5_c2_comp1_h200_threadcap_mem70_seqs2_ml9_shard3_t16384\canonical_memory_profile_heuristic_completion_rho4.00_pg3.00_planner1.50_math2.50_checker2.00_completion1.00_routing_hybrid\HARDMath_mini\response.jsonl
281,memory_inception,0.0371 \cdot \frac{e^{-2.5138 x}}{\sqrt{x}},stop,13832,False,C:\Users\Ayham\Documents\New project\results\benchmarks\hardmath\bank_weight_full300_ml9_hygiene_heavy_p1p5_m2p5_c2_comp1_h200_threadcap_mem70_seqs2_20260504_071010\qwen3_moe_math_outputs_vllm_shards\hardmath_mini300_hygiene_heavy_p1p5_m2p5_c2_comp1_h200_threadcap_mem70_seqs2_ml9_shard3_t16384\canonical_memory_profile_heuristic_completion_rho4.00_pg3.00_planner1.50_math2.50_checker2.00_completion1.00_routing_hybrid\HARDMath_mini\response.jsonl
282,memory_inception,-\dfrac{3.59}{x} e^{-1.84 x},stop,12487,False,C:\Users\Ayham\Documents\New project\results\benchmarks\hardmath\bank_weight_full300_ml9_hygiene_heavy_p1p5_m2p5_c2_comp1_h200_threadcap_mem70_seqs2_20260504_071010\qwen3_moe_math_outputs_vllm_shards\hardmath_mini300_hygiene_heavy_p1p5_m2p5_c2_comp1_h200_threadcap_mem70_seqs2_ml9_shard3_t16384\canonical_memory_profile_heuristic_completion_rho4.00_pg3.00_planner1.50_math2.50_checker2.00_completion1.00_routing_hybrid\HARDMath_mini\response.jsonl
283,memory_inception,\frac{2.1 \sin(0.4) + 0.3 \arctan(0.4)}{x (1.6 + 0.3 \sin(0.4))} e^{x (0.64 - 0.3 \cos(0.4))},stop,8840,False,C:\Users\Ayham\Documents\New project\results\benchmarks\hardmath\bank_weight_full300_ml9_hygiene_heavy_p1p5_m2p5_c2_comp1_h200_threadcap_mem70_seqs2_20260504_071010\qwen3_moe_math_outputs_vllm_shards\hardmath_mini300_hygiene_heavy_p1p5_m2p5_c2_comp1_h200_threadcap_mem70_seqs2_ml9_shard3_t16384\canonical_memory_profile_heuristic_completion_rho4.00_pg3.00_planner1.50_math2.50_checker2.00_completion1.00_routing_hybrid\HARDMath_mini\response.jsonl
284,memory_inception,-\dfrac{\arctan(0.8)}{1.92 x} e^{0.3584 x},stop,10699,False,C:\Users\Ayham\Documents\New project\results\benchmarks\hardmath\bank_weight_full300_ml9_hygiene_heavy_p1p5_m2p5_c2_comp1_h200_threadcap_mem70_seqs2_20260504_071010\qwen3_moe_math_outputs_vllm_shards\hardmath_mini300_hygiene_heavy_p1p5_m2p5_c2_comp1_h200_threadcap_mem70_seqs2_ml9_shard3_t16384\canonical_memory_profile_heuristic_completion_rho4.00_pg3.00_planner1.50_math2.50_checker2.00_completion1.00_routing_hybrid\HARDMath_mini\response.jsonl
285,memory_inception,\frac{0.8694}{0.3726 x} e^{0.0394 x},stop,12927,False,C:\Users\Ayham\Documents\New project\results\benchmarks\hardmath\bank_weight_full300_ml9_hygiene_heavy_p1p5_m2p5_c2_comp1_h200_threadcap_mem70_seqs2_20260504_071010\qwen3_moe_math_outputs_vllm_shards\hardmath_mini300_hygiene_heavy_p1p5_m2p5_c2_comp1_h200_threadcap_mem70_seqs2_ml9_shard3_t16384\canonical_memory_profile_heuristic_completion_rho4.00_pg3.00_planner1.50_math2.50_checker2.00_completion1.00_routing_hybrid\HARDMath_mini\response.jsonl
286,memory_inception,\dfrac{23}{12} \cdot \dfrac{e^{(9/160)x}}{x},stop,10056,False,C:\Users\Ayham\Documents\New project\results\benchmarks\hardmath\bank_weight_full300_ml9_hygiene_heavy_p1p5_m2p5_c2_comp1_h200_threadcap_mem70_seqs2_20260504_071010\qwen3_moe_math_outputs_vllm_shards\hardmath_mini300_hygiene_heavy_p1p5_m2p5_c2_comp1_h200_threadcap_mem70_seqs2_ml9_shard3_t16384\canonical_memory_profile_heuristic_completion_rho4.00_pg3.00_planner1.50_math2.50_checker2.00_completion1.00_routing_hybrid\HARDMath_mini\response.jsonl
287,memory_inception,\frac{g(-0.7)}{x f'(-0.7)} e^{-x f(-0.7)},stop,9171,False,C:\Users\Ayham\Documents\New project\results\benchmarks\hardmath\bank_weight_full300_ml9_hygiene_heavy_p1p5_m2p5_c2_comp1_h200_threadcap_mem70_seqs2_20260504_071010\qwen3_moe_math_outputs_vllm_shards\hardmath_mini300_hygiene_heavy_p1p5_m2p5_c2_comp1_h200_threadcap_mem70_seqs2_ml9_shard3_t16384\canonical_memory_profile_heuristic_completion_rho4.00_pg3.00_planner1.50_math2.50_checker2.00_completion1.00_routing_hybrid\HARDMath_mini\response.jsonl
288,memory_inception,\frac{1.3946}{x} e^{1.5998 x},stop,10129,False,C:\Users\Ayham\Documents\New project\results\benchmarks\hardmath\bank_weight_full300_ml9_hygiene_heavy_p1p5_m2p5_c2_comp1_h200_threadcap_mem70_seqs2_20260504_071010\qwen3_moe_math_outputs_vllm_shards\hardmath_mini300_hygiene_heavy_p1p5_m2p5_c2_comp1_h200_threadcap_mem70_seqs2_ml9_shard3_t16384\canonical_memory_profile_heuristic_completion_rho4.00_pg3.00_planner1.50_math2.50_checker2.00_completion1.00_routing_hybrid\HARDMath_mini\response.jsonl
289,memory_inception,\frac{-4.4(-0.4)^2 + \arctan(-0.4) + 2.0}{x \left(-0.5(-0.4)^4 + \cos(-0.4) + \frac{1.2}{1 + (-0.4)^2}\right)} e^{-x(-0.1(-0.4)^5 + \sin(-0.4) + 1.2\arctan(-0.4) - 0.1)},stop,15162,False,C:\Users\Ayham\Documents\New project\results\benchmarks\hardmath\bank_weight_full300_ml9_hygiene_heavy_p1p5_m2p5_c2_comp1_h200_threadcap_mem70_seqs2_20260504_071010\qwen3_moe_math_outputs_vllm_shards\hardmath_mini300_hygiene_heavy_p1p5_m2p5_c2_comp1_h200_threadcap_mem70_seqs2_ml9_shard3_t16384\canonical_memory_profile_heuristic_completion_rho4.00_pg3.00_planner1.50_math2.50_checker2.00_completion1.00_routing_hybrid\HARDMath_mini\response.jsonl
290,memory_inception,-\frac{1.386}{x} e^{1.02 x},stop,10325,False,C:\Users\Ayham\Documents\New project\results\benchmarks\hardmath\bank_weight_full300_ml9_hygiene_heavy_p1p5_m2p5_c2_comp1_h200_threadcap_mem70_seqs2_20260504_071010\qwen3_moe_math_outputs_vllm_shards\hardmath_mini300_hygiene_heavy_p1p5_m2p5_c2_comp1_h200_threadcap_mem70_seqs2_ml9_shard3_t16384\canonical_memory_profile_heuristic_completion_rho4.00_pg3.00_planner1.50_math2.50_checker2.00_completion1.00_routing_hybrid\HARDMath_mini\response.jsonl
291,memory_inception,\frac{f(0.5)}{x \phi'(0.5)} e^{x \phi(0.5)},stop,9357,False,C:\Users\Ayham\Documents\New project\results\benchmarks\hardmath\bank_weight_full300_ml9_hygiene_heavy_p1p5_m2p5_c2_comp1_h200_threadcap_mem70_seqs2_20260504_071010\qwen3_moe_math_outputs_vllm_shards\hardmath_mini300_hygiene_heavy_p1p5_m2p5_c2_comp1_h200_threadcap_mem70_seqs2_ml9_shard3_t16384\canonical_memory_profile_heuristic_completion_rho4.00_pg3.00_planner1.50_math2.50_checker2.00_completion1.00_routing_hybrid\HARDMath_mini\response.jsonl
292,memory_inception,\frac{0.1917}{x} e^{-0.31104 x},stop,13719,False,C:\Users\Ayham\Documents\New project\results\benchmarks\hardmath\bank_weight_full300_ml9_hygiene_heavy_p1p5_m2p5_c2_comp1_h200_threadcap_mem70_seqs2_20260504_071010\qwen3_moe_math_outputs_vllm_shards\hardmath_mini300_hygiene_heavy_p1p5_m2p5_c2_comp1_h200_threadcap_mem70_seqs2_ml9_shard3_t16384\canonical_memory_profile_heuristic_completion_rho4.00_pg3.00_planner1.50_math2.50_checker2.00_completion1.00_routing_hybrid\HARDMath_mini\response.jsonl
293,memory_inception,I(x) \sim 2.9 t_0^3 e^{x g(t_0)} \sqrt{\frac{2\pi}{x |g''(t_0)|}},stop,10203,False,C:\Users\Ayham\Documents\New project\results\benchmarks\hardmath\bank_weight_full300_ml9_hygiene_heavy_p1p5_m2p5_c2_comp1_h200_threadcap_mem70_seqs2_20260504_071010\qwen3_moe_math_outputs_vllm_shards\hardmath_mini300_hygiene_heavy_p1p5_m2p5_c2_comp1_h200_threadcap_mem70_seqs2_ml9_shard3_t16384\canonical_memory_profile_heuristic_completion_rho4.00_pg3.00_planner1.50_math2.50_checker2.00_completion1.00_routing_hybrid\HARDMath_mini\response.jsonl
294,memory_inception,,length,16384,True,C:\Users\Ayham\Documents\New project\results\benchmarks\hardmath\bank_weight_full300_ml9_hygiene_heavy_p1p5_m2p5_c2_comp1_h200_threadcap_mem70_seqs2_20260504_071010\qwen3_moe_math_outputs_vllm_shards\hardmath_mini300_hygiene_heavy_p1p5_m2p5_c2_comp1_h200_threadcap_mem70_seqs2_ml9_shard3_t16384\canonical_memory_profile_heuristic_completion_rho4.00_pg3.00_planner1.50_math2.50_checker2.00_completion1.00_routing_hybrid\HARDMath_mini\response.jsonl
295,memory_inception,\frac{1.216}{10.546 x} e^{7.475 x},stop,15414,False,C:\Users\Ayham\Documents\New project\results\benchmarks\hardmath\bank_weight_full300_ml9_hygiene_heavy_p1p5_m2p5_c2_comp1_h200_threadcap_mem70_seqs2_20260504_071010\qwen3_moe_math_outputs_vllm_shards\hardmath_mini300_hygiene_heavy_p1p5_m2p5_c2_comp1_h200_threadcap_mem70_seqs2_ml9_shard3_t16384\canonical_memory_profile_heuristic_completion_rho4.00_pg3.00_planner1.50_math2.50_checker2.00_completion1.00_routing_hybrid\HARDMath_mini\response.jsonl
296,memory_inception,\frac{0.0875 + 2.2 \cos(0.5)}{3.1 x} e^{(0.55 + 2.5 \arctan(0.5))x},stop,11695,False,C:\Users\Ayham\Documents\New project\results\benchmarks\hardmath\bank_weight_full300_ml9_hygiene_heavy_p1p5_m2p5_c2_comp1_h200_threadcap_mem70_seqs2_20260504_071010\qwen3_moe_math_outputs_vllm_shards\hardmath_mini300_hygiene_heavy_p1p5_m2p5_c2_comp1_h200_threadcap_mem70_seqs2_ml9_shard3_t16384\canonical_memory_profile_heuristic_completion_rho4.00_pg3.00_planner1.50_math2.50_checker2.00_completion1.00_routing_hybrid\HARDMath_mini\response.jsonl
297,memory_inception,\frac{0.1 \cdot (0.5)^5 + 0.5 \cdot (0.5)^3 + 1.2 \cdot (0.5)^2 - 0.1 \sin(0.5)}{x \left(10.4 \cdot (0.5)^3 + 2.5 \cos(0.5) - 0.6 \sin(0.5)\right)} e^{x \left(2.6 \cdot (0.5)^4 + 2.5 \sin(0.5) + 0.6 \cos(0.5)\right)},stop,13186,False,C:\Users\Ayham\Documents\New project\results\benchmarks\hardmath\bank_weight_full300_ml9_hygiene_heavy_p1p5_m2p5_c2_comp1_h200_threadcap_mem70_seqs2_20260504_071010\qwen3_moe_math_outputs_vllm_shards\hardmath_mini300_hygiene_heavy_p1p5_m2p5_c2_comp1_h200_threadcap_mem70_seqs2_ml9_shard3_t16384\canonical_memory_profile_heuristic_completion_rho4.00_pg3.00_planner1.50_math2.50_checker2.00_completion1.00_routing_hybrid\HARDMath_mini\response.jsonl
298,memory_inception,-2 \sqrt{\dfrac{\pi}{5}} \dfrac{e^{-1.2 x}}{\sqrt{x}},stop,9419,False,C:\Users\Ayham\Documents\New project\results\benchmarks\hardmath\bank_weight_full300_ml9_hygiene_heavy_p1p5_m2p5_c2_comp1_h200_threadcap_mem70_seqs2_20260504_071010\qwen3_moe_math_outputs_vllm_shards\hardmath_mini300_hygiene_heavy_p1p5_m2p5_c2_comp1_h200_threadcap_mem70_seqs2_ml9_shard3_t16384\canonical_memory_profile_heuristic_completion_rho4.00_pg3.00_planner1.50_math2.50_checker2.00_completion1.00_routing_hybrid\HARDMath_mini\response.jsonl
299,memory_inception,-\frac{0.276}{0.9184 x} e^{-0.15392 x},stop,15106,False,C:\Users\Ayham\Documents\New project\results\benchmarks\hardmath\bank_weight_full300_ml9_hygiene_heavy_p1p5_m2p5_c2_comp1_h200_threadcap_mem70_seqs2_20260504_071010\qwen3_moe_math_outputs_vllm_shards\hardmath_mini300_hygiene_heavy_p1p5_m2p5_c2_comp1_h200_threadcap_mem70_seqs2_ml9_shard3_t16384\canonical_memory_profile_heuristic_completion_rho4.00_pg3.00_planner1.50_math2.50_checker2.00_completion1.00_routing_hybrid\HARDMath_mini\response.jsonl
246,prompt,"\frac{0.3235 \, e^{0.2069x}}{x}",stop,8620,False,C:\Users\Ayham\Documents\New project\results\benchmarks\hardmath\plain_prompt_full300_h200_aggr_b16_s16_rr4_hfcache_20260504_161613\qwen3_moe_math_outputs_vllm_shards\hardmath_mini300_plain_prompt_h200_aggr_b16_s16_rr4_hfcache_shard2_t16384\prompt_profile_heuristic_completion_routing_hybrid\HARDMath_mini\response.jsonl
247,prompt,-\frac{0.809}{x} e^{-4.105 x},stop,8455,False,C:\Users\Ayham\Documents\New project\results\benchmarks\hardmath\plain_prompt_full300_h200_aggr_b16_s16_rr4_hfcache_20260504_161613\qwen3_moe_math_outputs_vllm_shards\hardmath_mini300_plain_prompt_h200_aggr_b16_s16_rr4_hfcache_shard3_t16384\prompt_profile_heuristic_completion_routing_hybrid\HARDMath_mini\response.jsonl
248,prompt,\frac{0.1815}{x} e^{-0.5319 x},stop,6664,False,C:\Users\Ayham\Documents\New project\results\benchmarks\hardmath\plain_prompt_full300_h200_aggr_b16_s16_rr4_hfcache_20260504_161613\qwen3_moe_math_outputs_vllm_shards\hardmath_mini300_plain_prompt_h200_aggr_b16_s16_rr4_hfcache_shard0_t16384\prompt_profile_heuristic_completion_routing_hybrid\HARDMath_mini\response.jsonl
249,prompt,\frac{1.29 e^{0.158 x}}{\sqrt{x}},stop,14348,False,C:\Users\Ayham\Documents\New project\results\benchmarks\hardmath\plain_prompt_full300_h200_aggr_b16_s16_rr4_hfcache_20260504_161613\qwen3_moe_math_outputs_vllm_shards\hardmath_mini300_plain_prompt_h200_aggr_b16_s16_rr4_hfcache_shard1_t16384\prompt_profile_heuristic_completion_routing_hybrid\HARDMath_mini\response.jsonl
250,prompt,\frac{0.2483}{x} e^{0.4757 x},stop,9788,False,C:\Users\Ayham\Documents\New project\results\benchmarks\hardmath\plain_prompt_full300_h200_aggr_b16_s16_rr4_hfcache_20260504_161613\qwen3_moe_math_outputs_vllm_shards\hardmath_mini300_plain_prompt_h200_aggr_b16_s16_rr4_hfcache_shard2_t16384\prompt_profile_heuristic_completion_routing_hybrid\HARDMath_mini\response.jsonl
251,prompt,"\dfrac{0.0316 \, e^{1.245 x}}{x}",stop,8977,False,C:\Users\Ayham\Documents\New project\results\benchmarks\hardmath\plain_prompt_full300_h200_aggr_b16_s16_rr4_hfcache_20260504_161613\qwen3_moe_math_outputs_vllm_shards\hardmath_mini300_plain_prompt_h200_aggr_b16_s16_rr4_hfcache_shard3_t16384\prompt_profile_heuristic_completion_routing_hybrid\HARDMath_mini\response.jsonl
252,prompt,\dfrac{2.88}{x} e^{-1.16 x},stop,6668,False,C:\Users\Ayham\Documents\New project\results\benchmarks\hardmath\plain_prompt_full300_h200_aggr_b16_s16_rr4_hfcache_20260504_161613\qwen3_moe_math_outputs_vllm_shards\hardmath_mini300_plain_prompt_h200_aggr_b16_s16_rr4_hfcache_shard0_t16384\prompt_profile_heuristic_completion_routing_hybrid\HARDMath_mini\response.jsonl
253,prompt,\dfrac{0.2504}{x} e^{0.2571 x},stop,6817,False,C:\Users\Ayham\Documents\New project\results\benchmarks\hardmath\plain_prompt_full300_h200_aggr_b16_s16_rr4_hfcache_20260504_161613\qwen3_moe_math_outputs_vllm_shards\hardmath_mini300_plain_prompt_h200_aggr_b16_s16_rr4_hfcache_shard1_t16384\prompt_profile_heuristic_completion_routing_hybrid\HARDMath_mini\response.jsonl
254,prompt,-\frac{1.0383}{x} e^{-0.02841 x},stop,9874,False,C:\Users\Ayham\Documents\New project\results\benchmarks\hardmath\plain_prompt_full300_h200_aggr_b16_s16_rr4_hfcache_20260504_161613\qwen3_moe_math_outputs_vllm_shards\hardmath_mini300_plain_prompt_h200_aggr_b16_s16_rr4_hfcache_shard2_t16384\prompt_profile_heuristic_completion_routing_hybrid\HARDMath_mini\response.jsonl
255,prompt,\dfrac{4}{3x} e^{0.19683x},stop,5288,False,C:\Users\Ayham\Documents\New project\results\benchmarks\hardmath\plain_prompt_full300_h200_aggr_b16_s16_rr4_hfcache_20260504_161613\qwen3_moe_math_outputs_vllm_shards\hardmath_mini300_plain_prompt_h200_aggr_b16_s16_rr4_hfcache_shard3_t16384\prompt_profile_heuristic_completion_routing_hybrid\HARDMath_mini\response.jsonl
256,prompt,-\dfrac{0.453 e^{1.28 x}}{x},stop,7338,False,C:\Users\Ayham\Documents\New project\results\benchmarks\hardmath\plain_prompt_full300_h200_aggr_b16_s16_rr4_hfcache_20260504_161613\qwen3_moe_math_outputs_vllm_shards\hardmath_mini300_plain_prompt_h200_aggr_b16_s16_rr4_hfcache_shard0_t16384\prompt_profile_heuristic_completion_routing_hybrid\HARDMath_mini\response.jsonl
257,prompt,-\dfrac{0.592}{x} e^{2.359 x},stop,8227,False,C:\Users\Ayham\Documents\New project\results\benchmarks\hardmath\plain_prompt_full300_h200_aggr_b16_s16_rr4_hfcache_20260504_161613\qwen3_moe_math_outputs_vllm_shards\hardmath_mini300_plain_prompt_h200_aggr_b16_s16_rr4_hfcache_shard1_t16384\prompt_profile_heuristic_completion_routing_hybrid\HARDMath_mini\response.jsonl
258,prompt,-\dfrac{0.0044}{x} e^{0.892 x},stop,7239,False,C:\Users\Ayham\Documents\New project\results\benchmarks\hardmath\plain_prompt_full300_h200_aggr_b16_s16_rr4_hfcache_20260504_161613\qwen3_moe_math_outputs_vllm_shards\hardmath_mini300_plain_prompt_h200_aggr_b16_s16_rr4_hfcache_shard2_t16384\prompt_profile_heuristic_completion_routing_hybrid\HARDMath_mini\response.jsonl
259,prompt,"-\dfrac{2.7884 \, e^{0.1796 x}}{2.2168 \, x}",stop,11027,False,C:\Users\Ayham\Documents\New project\results\benchmarks\hardmath\plain_prompt_full300_h200_aggr_b16_s16_rr4_hfcache_20260504_161613\qwen3_moe_math_outputs_vllm_shards\hardmath_mini300_plain_prompt_h200_aggr_b16_s16_rr4_hfcache_shard3_t16384\prompt_profile_heuristic_completion_routing_hybrid\HARDMath_mini\response.jsonl
260,prompt,"\frac{-4.2146 \, e^{2.1141 x}}{7.047 x}",stop,6325,False,C:\Users\Ayham\Documents\New project\results\benchmarks\hardmath\plain_prompt_full300_h200_aggr_b16_s16_rr4_hfcache_20260504_161613\qwen3_moe_math_outputs_vllm_shards\hardmath_mini300_plain_prompt_h200_aggr_b16_s16_rr4_hfcache_shard0_t16384\prompt_profile_heuristic_completion_routing_hybrid\HARDMath_mini\response.jsonl
261,prompt,"-\dfrac{0.0117 \, e^{1.3593 x}}{x}",stop,7682,False,C:\Users\Ayham\Documents\New project\results\benchmarks\hardmath\plain_prompt_full300_h200_aggr_b16_s16_rr4_hfcache_20260504_161613\qwen3_moe_math_outputs_vllm_shards\hardmath_mini300_plain_prompt_h200_aggr_b16_s16_rr4_hfcache_shard1_t16384\prompt_profile_heuristic_completion_routing_hybrid\HARDMath_mini\response.jsonl
262,prompt,-\frac{1.5251}{x} e^{0.262144 x},stop,10416,False,C:\Users\Ayham\Documents\New project\results\benchmarks\hardmath\plain_prompt_full300_h200_aggr_b16_s16_rr4_hfcache_20260504_161613\qwen3_moe_math_outputs_vllm_shards\hardmath_mini300_plain_prompt_h200_aggr_b16_s16_rr4_hfcache_shard2_t16384\prompt_profile_heuristic_completion_routing_hybrid\HARDMath_mini\response.jsonl
263,prompt,-\dfrac{0.396}{x} e^{1.849 x},stop,9561,False,C:\Users\Ayham\Documents\New project\results\benchmarks\hardmath\plain_prompt_full300_h200_aggr_b16_s16_rr4_hfcache_20260504_161613\qwen3_moe_math_outputs_vllm_shards\hardmath_mini300_plain_prompt_h200_aggr_b16_s16_rr4_hfcache_shard3_t16384\prompt_profile_heuristic_completion_routing_hybrid\HARDMath_mini\response.jsonl
264,prompt,\dfrac{0.0953}{x} e^{0.3888 x},stop,10840,False,C:\Users\Ayham\Documents\New project\results\benchmarks\hardmath\plain_prompt_full300_h200_aggr_b16_s16_rr4_hfcache_20260504_161613\qwen3_moe_math_outputs_vllm_shards\hardmath_mini300_plain_prompt_h200_aggr_b16_s16_rr4_hfcache_shard0_t16384\prompt_profile_heuristic_completion_routing_hybrid\HARDMath_mini\response.jsonl
265,prompt,\frac{4.9636}{x} e^{0.0162 x},stop,7896,False,C:\Users\Ayham\Documents\New project\results\benchmarks\hardmath\plain_prompt_full300_h200_aggr_b16_s16_rr4_hfcache_20260504_161613\qwen3_moe_math_outputs_vllm_shards\hardmath_mini300_plain_prompt_h200_aggr_b16_s16_rr4_hfcache_shard1_t16384\prompt_profile_heuristic_completion_routing_hybrid\HARDMath_mini\response.jsonl
266,prompt,"-\frac{0.2875 \, e^{5.2133 x}}{x}",stop,10389,False,C:\Users\Ayham\Documents\New project\results\benchmarks\hardmath\plain_prompt_full300_h200_aggr_b16_s16_rr4_hfcache_20260504_161613\qwen3_moe_math_outputs_vllm_shards\hardmath_mini300_plain_prompt_h200_aggr_b16_s16_rr4_hfcache_shard2_t16384\prompt_profile_heuristic_completion_routing_hybrid\HARDMath_mini\response.jsonl
267,prompt,-\frac{0.2746}{x} e^{0.3529 x},stop,4754,False,C:\Users\Ayham\Documents\New project\results\benchmarks\hardmath\plain_prompt_full300_h200_aggr_b16_s16_rr4_hfcache_20260504_161613\qwen3_moe_math_outputs_vllm_shards\hardmath_mini300_plain_prompt_h200_aggr_b16_s16_rr4_hfcache_shard3_t16384\prompt_profile_heuristic_completion_routing_hybrid\HARDMath_mini\response.jsonl
268,prompt,-\dfrac{0.826}{x} e^{1.9275 x},stop,12135,False,C:\Users\Ayham\Documents\New project\results\benchmarks\hardmath\plain_prompt_full300_h200_aggr_b16_s16_rr4_hfcache_20260504_161613\qwen3_moe_math_outputs_vllm_shards\hardmath_mini300_plain_prompt_h200_aggr_b16_s16_rr4_hfcache_shard0_t16384\prompt_profile_heuristic_completion_routing_hybrid\HARDMath_mini\response.jsonl
269,prompt,"\dfrac{1.29 \, e^{-0.228 x}}{x}",stop,8396,False,C:\Users\Ayham\Documents\New project\results\benchmarks\hardmath\plain_prompt_full300_h200_aggr_b16_s16_rr4_hfcache_20260504_161613\qwen3_moe_math_outputs_vllm_shards\hardmath_mini300_plain_prompt_h200_aggr_b16_s16_rr4_hfcache_shard1_t16384\prompt_profile_heuristic_completion_routing_hybrid\HARDMath_mini\response.jsonl
270,prompt,-\frac{0.5198}{x} e^{0.008748 x},stop,9631,False,C:\Users\Ayham\Documents\New project\results\benchmarks\hardmath\plain_prompt_full300_h200_aggr_b16_s16_rr4_hfcache_20260504_161613\qwen3_moe_math_outputs_vllm_shards\hardmath_mini300_plain_prompt_h200_aggr_b16_s16_rr4_hfcache_shard2_t16384\prompt_profile_heuristic_completion_routing_hybrid\HARDMath_mini\response.jsonl
271,prompt,-\dfrac{0.231}{x} e^{0.185 x},stop,8796,False,C:\Users\Ayham\Documents\New project\results\benchmarks\hardmath\plain_prompt_full300_h200_aggr_b16_s16_rr4_hfcache_20260504_161613\qwen3_moe_math_outputs_vllm_shards\hardmath_mini300_plain_prompt_h200_aggr_b16_s16_rr4_hfcache_shard3_t16384\prompt_profile_heuristic_completion_routing_hybrid\HARDMath_mini\response.jsonl
272,prompt,\frac{8.9967}{x} e^{0.0192 x},stop,7170,False,C:\Users\Ayham\Documents\New project\results\benchmarks\hardmath\plain_prompt_full300_h200_aggr_b16_s16_rr4_hfcache_20260504_161613\qwen3_moe_math_outputs_vllm_shards\hardmath_mini300_plain_prompt_h200_aggr_b16_s16_rr4_hfcache_shard0_t16384\prompt_profile_heuristic_completion_routing_hybrid\HARDMath_mini\response.jsonl
273,prompt,"-\dfrac{0.3929 \, e^{0.8811 x}}{x}",stop,9929,False,C:\Users\Ayham\Documents\New project\results\benchmarks\hardmath\plain_prompt_full300_h200_aggr_b16_s16_rr4_hfcache_20260504_161613\qwen3_moe_math_outputs_vllm_shards\hardmath_mini300_plain_prompt_h200_aggr_b16_s16_rr4_hfcache_shard1_t16384\prompt_profile_heuristic_completion_routing_hybrid\HARDMath_mini\response.jsonl
274,prompt,\frac{-2.1305 \cdot e^{2.9279 x}}{11.5 x},stop,8289,False,C:\Users\Ayham\Documents\New project\results\benchmarks\hardmath\plain_prompt_full300_h200_aggr_b16_s16_rr4_hfcache_20260504_161613\qwen3_moe_math_outputs_vllm_shards\hardmath_mini300_plain_prompt_h200_aggr_b16_s16_rr4_hfcache_shard2_t16384\prompt_profile_heuristic_completion_routing_hybrid\HARDMath_mini\response.jsonl
275,prompt,\dfrac{2.0}{1.3799 x} e^{1.2209 x},stop,7501,False,C:\Users\Ayham\Documents\New project\results\benchmarks\hardmath\plain_prompt_full300_h200_aggr_b16_s16_rr4_hfcache_20260504_161613\qwen3_moe_math_outputs_vllm_shards\hardmath_mini300_plain_prompt_h200_aggr_b16_s16_rr4_hfcache_shard3_t16384\prompt_profile_heuristic_completion_routing_hybrid\HARDMath_mini\response.jsonl
276,prompt,I(x) \sim -\frac{0.00627 e^{-1.4983 x}}{x},stop,10746,False,C:\Users\Ayham\Documents\New project\results\benchmarks\hardmath\plain_prompt_full300_h200_aggr_b16_s16_rr4_hfcache_20260504_161613\qwen3_moe_math_outputs_vllm_shards\hardmath_mini300_plain_prompt_h200_aggr_b16_s16_rr4_hfcache_shard0_t16384\prompt_profile_heuristic_completion_routing_hybrid\HARDMath_mini\response.jsonl
277,prompt,"\dfrac{1.394 \, e^{0.641 x}}{x}",stop,9619,False,C:\Users\Ayham\Documents\New project\results\benchmarks\hardmath\plain_prompt_full300_h200_aggr_b16_s16_rr4_hfcache_20260504_161613\qwen3_moe_math_outputs_vllm_shards\hardmath_mini300_plain_prompt_h200_aggr_b16_s16_rr4_hfcache_shard1_t16384\prompt_profile_heuristic_completion_routing_hybrid\HARDMath_mini\response.jsonl
278,prompt,"I(x) \sim \frac{0.3894 \, e^{3.6447 x}}{x}",stop,7435,False,C:\Users\Ayham\Documents\New project\results\benchmarks\hardmath\plain_prompt_full300_h200_aggr_b16_s16_rr4_hfcache_20260504_161613\qwen3_moe_math_outputs_vllm_shards\hardmath_mini300_plain_prompt_h200_aggr_b16_s16_rr4_hfcache_shard2_t16384\prompt_profile_heuristic_completion_routing_hybrid\HARDMath_mini\response.jsonl
279,prompt,"-\dfrac{0.1100 \, e^{-0.4673 x}}{x}",stop,8429,False,C:\Users\Ayham\Documents\New project\results\benchmarks\hardmath\plain_prompt_full300_h200_aggr_b16_s16_rr4_hfcache_20260504_161613\qwen3_moe_math_outputs_vllm_shards\hardmath_mini300_plain_prompt_h200_aggr_b16_s16_rr4_hfcache_shard3_t16384\prompt_profile_heuristic_completion_routing_hybrid\HARDMath_mini\response.jsonl
280,prompt,\frac{11.727}{x} e^{0.004256 x},stop,12597,False,C:\Users\Ayham\Documents\New project\results\benchmarks\hardmath\plain_prompt_full300_h200_aggr_b16_s16_rr4_hfcache_20260504_161613\qwen3_moe_math_outputs_vllm_shards\hardmath_mini300_plain_prompt_h200_aggr_b16_s16_rr4_hfcache_shard0_t16384\prompt_profile_heuristic_completion_routing_hybrid\HARDMath_mini\response.jsonl
281,prompt,0.0371 \cdot \frac{e^{-2.5138 x}}{\sqrt{x}},stop,7716,False,C:\Users\Ayham\Documents\New project\results\benchmarks\hardmath\plain_prompt_full300_h200_aggr_b16_s16_rr4_hfcache_20260504_161613\qwen3_moe_math_outputs_vllm_shards\hardmath_mini300_plain_prompt_h200_aggr_b16_s16_rr4_hfcache_shard1_t16384\prompt_profile_heuristic_completion_routing_hybrid\HARDMath_mini\response.jsonl
282,prompt,-\frac{3.588}{x} e^{-1.8396 x},stop,9009,False,C:\Users\Ayham\Documents\New project\results\benchmarks\hardmath\plain_prompt_full300_h200_aggr_b16_s16_rr4_hfcache_20260504_161613\qwen3_moe_math_outputs_vllm_shards\hardmath_mini300_plain_prompt_h200_aggr_b16_s16_rr4_hfcache_shard2_t16384\prompt_profile_heuristic_completion_routing_hybrid\HARDMath_mini\response.jsonl
283,prompt,"\frac{0.5428 \, e^{0.3637 x}}{x}",stop,13334,False,C:\Users\Ayham\Documents\New project\results\benchmarks\hardmath\plain_prompt_full300_h200_aggr_b16_s16_rr4_hfcache_20260504_161613\qwen3_moe_math_outputs_vllm_shards\hardmath_mini300_plain_prompt_h200_aggr_b16_s16_rr4_hfcache_shard3_t16384\prompt_profile_heuristic_completion_routing_hybrid\HARDMath_mini\response.jsonl
284,prompt,-\dfrac{0.7 \arctan(0.8)}{1.344 x} e^{0.3584 x},stop,7421,False,C:\Users\Ayham\Documents\New project\results\benchmarks\hardmath\plain_prompt_full300_h200_aggr_b16_s16_rr4_hfcache_20260504_161613\qwen3_moe_math_outputs_vllm_shards\hardmath_mini300_plain_prompt_h200_aggr_b16_s16_rr4_hfcache_shard0_t16384\prompt_profile_heuristic_completion_routing_hybrid\HARDMath_mini\response.jsonl
285,prompt,\frac{2.333}{x} e^{0.0394 x},stop,12599,False,C:\Users\Ayham\Documents\New project\results\benchmarks\hardmath\plain_prompt_full300_h200_aggr_b16_s16_rr4_hfcache_20260504_161613\qwen3_moe_math_outputs_vllm_shards\hardmath_mini300_plain_prompt_h200_aggr_b16_s16_rr4_hfcache_shard1_t16384\prompt_profile_heuristic_completion_routing_hybrid\HARDMath_mini\response.jsonl
286,prompt,\dfrac{23}{12} \cdot \dfrac{e^{(9/160)x}}{x},stop,6900,False,C:\Users\Ayham\Documents\New project\results\benchmarks\hardmath\plain_prompt_full300_h200_aggr_b16_s16_rr4_hfcache_20260504_161613\qwen3_moe_math_outputs_vllm_shards\hardmath_mini300_plain_prompt_h200_aggr_b16_s16_rr4_hfcache_shard2_t16384\prompt_profile_heuristic_completion_routing_hybrid\HARDMath_mini\response.jsonl
287,prompt,\dfrac{0.365}{x} e^{1.725 x},stop,9201,False,C:\Users\Ayham\Documents\New project\results\benchmarks\hardmath\plain_prompt_full300_h200_aggr_b16_s16_rr4_hfcache_20260504_161613\qwen3_moe_math_outputs_vllm_shards\hardmath_mini300_plain_prompt_h200_aggr_b16_s16_rr4_hfcache_shard3_t16384\prompt_profile_heuristic_completion_routing_hybrid\HARDMath_mini\response.jsonl
288,prompt,\dfrac{0.3426}{x} e^{1.5998 x},stop,9196,False,C:\Users\Ayham\Documents\New project\results\benchmarks\hardmath\plain_prompt_full300_h200_aggr_b16_s16_rr4_hfcache_20260504_161613\qwen3_moe_math_outputs_vllm_shards\hardmath_mini300_plain_prompt_h200_aggr_b16_s16_rr4_hfcache_shard0_t16384\prompt_profile_heuristic_completion_routing_hybrid\HARDMath_mini\response.jsonl
289,prompt,\frac{0.4712}{x} e^{-0.945 x},stop,10294,False,C:\Users\Ayham\Documents\New project\results\benchmarks\hardmath\plain_prompt_full300_h200_aggr_b16_s16_rr4_hfcache_20260504_161613\qwen3_moe_math_outputs_vllm_shards\hardmath_mini300_plain_prompt_h200_aggr_b16_s16_rr4_hfcache_shard1_t16384\prompt_profile_heuristic_completion_routing_hybrid\HARDMath_mini\response.jsonl
290,prompt,\frac{-1.3858}{x} e^{1.02 x},stop,5816,False,C:\Users\Ayham\Documents\New project\results\benchmarks\hardmath\plain_prompt_full300_h200_aggr_b16_s16_rr4_hfcache_20260504_161613\qwen3_moe_math_outputs_vllm_shards\hardmath_mini300_plain_prompt_h200_aggr_b16_s16_rr4_hfcache_shard2_t16384\prompt_profile_heuristic_completion_routing_hybrid\HARDMath_mini\response.jsonl
291,prompt,-\dfrac{1.1415}{x} e^{0.5938 x},stop,7613,False,C:\Users\Ayham\Documents\New project\results\benchmarks\hardmath\plain_prompt_full300_h200_aggr_b16_s16_rr4_hfcache_20260504_161613\qwen3_moe_math_outputs_vllm_shards\hardmath_mini300_plain_prompt_h200_aggr_b16_s16_rr4_hfcache_shard3_t16384\prompt_profile_heuristic_completion_routing_hybrid\HARDMath_mini\response.jsonl
292,prompt,\dfrac{0.1917}{x} e^{-0.31104 x},stop,11465,False,C:\Users\Ayham\Documents\New project\results\benchmarks\hardmath\plain_prompt_full300_h200_aggr_b16_s16_rr4_hfcache_20260504_161613\qwen3_moe_math_outputs_vllm_shards\hardmath_mini300_plain_prompt_h200_aggr_b16_s16_rr4_hfcache_shard0_t16384\prompt_profile_heuristic_completion_routing_hybrid\HARDMath_mini\response.jsonl
293,prompt,-0.336 \cdot \frac{e^{0.298 x}}{\sqrt{x}},stop,14681,False,C:\Users\Ayham\Documents\New project\results\benchmarks\hardmath\plain_prompt_full300_h200_aggr_b16_s16_rr4_hfcache_20260504_161613\qwen3_moe_math_outputs_vllm_shards\hardmath_mini300_plain_prompt_h200_aggr_b16_s16_rr4_hfcache_shard1_t16384\prompt_profile_heuristic_completion_routing_hybrid\HARDMath_mini\response.jsonl
294,prompt,"\dfrac{5.7546 \, e^{0.049248 x}}{x}",stop,8857,False,C:\Users\Ayham\Documents\New project\results\benchmarks\hardmath\plain_prompt_full300_h200_aggr_b16_s16_rr4_hfcache_20260504_161613\qwen3_moe_math_outputs_vllm_shards\hardmath_mini300_plain_prompt_h200_aggr_b16_s16_rr4_hfcache_shard2_t16384\prompt_profile_heuristic_completion_routing_hybrid\HARDMath_mini\response.jsonl
295,prompt,"\frac{0.1153 \, e^{7.475 x}}{x}",stop,8206,False,C:\Users\Ayham\Documents\New project\results\benchmarks\hardmath\plain_prompt_full300_h200_aggr_b16_s16_rr4_hfcache_20260504_161613\qwen3_moe_math_outputs_vllm_shards\hardmath_mini300_plain_prompt_h200_aggr_b16_s16_rr4_hfcache_shard3_t16384\prompt_profile_heuristic_completion_routing_hybrid\HARDMath_mini\response.jsonl
296,prompt,\dfrac{0.651}{x} e^{-1.709 x},stop,8570,False,C:\Users\Ayham\Documents\New project\results\benchmarks\hardmath\plain_prompt_full300_h200_aggr_b16_s16_rr4_hfcache_20260504_161613\qwen3_moe_math_outputs_vllm_shards\hardmath_mini300_plain_prompt_h200_aggr_b16_s16_rr4_hfcache_shard0_t16384\prompt_profile_heuristic_completion_routing_hybrid\HARDMath_mini\response.jsonl
297,prompt,\dfrac{0.0991 e^{1.888 x}}{x},stop,8033,False,C:\Users\Ayham\Documents\New project\results\benchmarks\hardmath\plain_prompt_full300_h200_aggr_b16_s16_rr4_hfcache_20260504_161613\qwen3_moe_math_outputs_vllm_shards\hardmath_mini300_plain_prompt_h200_aggr_b16_s16_rr4_hfcache_shard1_t16384\prompt_profile_heuristic_completion_routing_hybrid\HARDMath_mini\response.jsonl
298,prompt,-1.585 \frac{e^{-1.2 x}}{\sqrt{x}},stop,7255,False,C:\Users\Ayham\Documents\New project\results\benchmarks\hardmath\plain_prompt_full300_h200_aggr_b16_s16_rr4_hfcache_20260504_161613\qwen3_moe_math_outputs_vllm_shards\hardmath_mini300_plain_prompt_h200_aggr_b16_s16_rr4_hfcache_shard2_t16384\prompt_profile_heuristic_completion_routing_hybrid\HARDMath_mini\response.jsonl
299,prompt,I(x) \sim -0.3005 \cdot \frac{e^{-0.15392 x}}{x},stop,8986,False,C:\Users\Ayham\Documents\New project\results\benchmarks\hardmath\plain_prompt_full300_h200_aggr_b16_s16_rr4_hfcache_20260504_161613\qwen3_moe_math_outputs_vllm_shards\hardmath_mini300_plain_prompt_h200_aggr_b16_s16_rr4_hfcache_shard3_t16384\prompt_profile_heuristic_completion_routing_hybrid\HARDMath_mini\response.jsonl
246,plain,\frac{0.323}{x} e^{0.207 x},stop,12742,False,C:\Users\Ayham\Documents\New project\results\benchmarks\hardmath\plain_prompt_full300_h200_aggr_b16_s16_rr4_hfcache_20260504_161613\qwen3_moe_math_outputs_vllm_shards\hardmath_mini300_plain_prompt_h200_aggr_b16_s16_rr4_hfcache_shard2_t16384\plain_routing_hybrid\HARDMath_mini\response.jsonl
247,plain,-\dfrac{0.809}{x} e^{-4.105 x},stop,12776,False,C:\Users\Ayham\Documents\New project\results\benchmarks\hardmath\plain_prompt_full300_h200_aggr_b16_s16_rr4_hfcache_20260504_161613\qwen3_moe_math_outputs_vllm_shards\hardmath_mini300_plain_prompt_h200_aggr_b16_s16_rr4_hfcache_shard3_t16384\plain_routing_hybrid\HARDMath_mini\response.jsonl
248,plain,\dfrac{0.1815}{x} e^{-0.5319 x},stop,10925,False,C:\Users\Ayham\Documents\New project\results\benchmarks\hardmath\plain_prompt_full300_h200_aggr_b16_s16_rr4_hfcache_20260504_161613\qwen3_moe_math_outputs_vllm_shards\hardmath_mini300_plain_prompt_h200_aggr_b16_s16_rr4_hfcache_shard0_t16384\plain_routing_hybrid\HARDMath_mini\response.jsonl
249,plain,\dfrac{1.28}{\sqrt{x}} e^{0.158 x},stop,14765,False,C:\Users\Ayham\Documents\New project\results\benchmarks\hardmath\plain_prompt_full300_h200_aggr_b16_s16_rr4_hfcache_20260504_161613\qwen3_moe_math_outputs_vllm_shards\hardmath_mini300_plain_prompt_h200_aggr_b16_s16_rr4_hfcache_shard1_t16384\plain_routing_hybrid\HARDMath_mini\response.jsonl
250,plain,\dfrac{0.248}{x} e^{0.476 x},length,16384,True,C:\Users\Ayham\Documents\New project\results\benchmarks\hardmath\plain_prompt_full300_h200_aggr_b16_s16_rr4_hfcache_20260504_161613\qwen3_moe_math_outputs_vllm_shards\hardmath_mini300_plain_prompt_h200_aggr_b16_s16_rr4_hfcache_shard2_t16384\plain_routing_hybrid\HARDMath_mini\response.jsonl
251,plain,\dfrac{0.0316}{x} e^{1.245 x},stop,10738,False,C:\Users\Ayham\Documents\New project\results\benchmarks\hardmath\plain_prompt_full300_h200_aggr_b16_s16_rr4_hfcache_20260504_161613\qwen3_moe_math_outputs_vllm_shards\hardmath_mini300_plain_prompt_h200_aggr_b16_s16_rr4_hfcache_shard3_t16384\plain_routing_hybrid\HARDMath_mini\response.jsonl
252,plain,\dfrac{2.88}{x} e^{-1.16 x},stop,9399,False,C:\Users\Ayham\Documents\New project\results\benchmarks\hardmath\plain_prompt_full300_h200_aggr_b16_s16_rr4_hfcache_20260504_161613\qwen3_moe_math_outputs_vllm_shards\hardmath_mini300_plain_prompt_h200_aggr_b16_s16_rr4_hfcache_shard0_t16384\plain_routing_hybrid\HARDMath_mini\response.jsonl
253,plain,\dfrac{0.25}{x} e^{0.257 x},stop,11035,False,C:\Users\Ayham\Documents\New project\results\benchmarks\hardmath\plain_prompt_full300_h200_aggr_b16_s16_rr4_hfcache_20260504_161613\qwen3_moe_math_outputs_vllm_shards\hardmath_mini300_plain_prompt_h200_aggr_b16_s16_rr4_hfcache_shard1_t16384\plain_routing_hybrid\HARDMath_mini\response.jsonl
254,plain,-\dfrac{1.038}{x} e^{-0.0284 x},stop,15710,False,C:\Users\Ayham\Documents\New project\results\benchmarks\hardmath\plain_prompt_full300_h200_aggr_b16_s16_rr4_hfcache_20260504_161613\qwen3_moe_math_outputs_vllm_shards\hardmath_mini300_plain_prompt_h200_aggr_b16_s16_rr4_hfcache_shard2_t16384\plain_routing_hybrid\HARDMath_mini\response.jsonl
255,plain,\dfrac{4}{3x} e^{0.3 \cdot (0.9)^4 x},stop,10930,False,C:\Users\Ayham\Documents\New project\results\benchmarks\hardmath\plain_prompt_full300_h200_aggr_b16_s16_rr4_hfcache_20260504_161613\qwen3_moe_math_outputs_vllm_shards\hardmath_mini300_plain_prompt_h200_aggr_b16_s16_rr4_hfcache_shard3_t16384\plain_routing_hybrid\HARDMath_mini\response.jsonl
256,plain,-\dfrac{0.4531}{x} e^{1.28 x},stop,13181,False,C:\Users\Ayham\Documents\New project\results\benchmarks\hardmath\plain_prompt_full300_h200_aggr_b16_s16_rr4_hfcache_20260504_161613\qwen3_moe_math_outputs_vllm_shards\hardmath_mini300_plain_prompt_h200_aggr_b16_s16_rr4_hfcache_shard0_t16384\plain_routing_hybrid\HARDMath_mini\response.jsonl
257,plain,,length,16384,True,C:\Users\Ayham\Documents\New project\results\benchmarks\hardmath\plain_prompt_full300_h200_aggr_b16_s16_rr4_hfcache_20260504_161613\qwen3_moe_math_outputs_vllm_shards\hardmath_mini300_plain_prompt_h200_aggr_b16_s16_rr4_hfcache_shard1_t16384\plain_routing_hybrid\HARDMath_mini\response.jsonl
258,plain,-\dfrac{0.7^3}{78 x} e^{2.6 \cdot 0.7^3 x},stop,12643,False,C:\Users\Ayham\Documents\New project\results\benchmarks\hardmath\plain_prompt_full300_h200_aggr_b16_s16_rr4_hfcache_20260504_161613\qwen3_moe_math_outputs_vllm_shards\hardmath_mini300_plain_prompt_h200_aggr_b16_s16_rr4_hfcache_shard2_t16384\plain_routing_hybrid\HARDMath_mini\response.jsonl
259,plain,,length,16384,True,C:\Users\Ayham\Documents\New project\results\benchmarks\hardmath\plain_prompt_full300_h200_aggr_b16_s16_rr4_hfcache_20260504_161613\qwen3_moe_math_outputs_vllm_shards\hardmath_mini300_plain_prompt_h200_aggr_b16_s16_rr4_hfcache_shard3_t16384\plain_routing_hybrid\HARDMath_mini\response.jsonl
260,plain,-\dfrac{0.598}{x} e^{2.114 x},stop,10306,False,C:\Users\Ayham\Documents\New project\results\benchmarks\hardmath\plain_prompt_full300_h200_aggr_b16_s16_rr4_hfcache_20260504_161613\qwen3_moe_math_outputs_vllm_shards\hardmath_mini300_plain_prompt_h200_aggr_b16_s16_rr4_hfcache_shard0_t16384\plain_routing_hybrid\HARDMath_mini\response.jsonl
261,plain,,length,16384,True,C:\Users\Ayham\Documents\New project\results\benchmarks\hardmath\plain_prompt_full300_h200_aggr_b16_s16_rr4_hfcache_20260504_161613\qwen3_moe_math_outputs_vllm_shards\hardmath_mini300_plain_prompt_h200_aggr_b16_s16_rr4_hfcache_shard1_t16384\plain_routing_hybrid\HARDMath_mini\response.jsonl
262,plain,-\frac{2.4988}{1.6384 x} e^{0.262144 x},stop,13500,False,C:\Users\Ayham\Documents\New project\results\benchmarks\hardmath\plain_prompt_full300_h200_aggr_b16_s16_rr4_hfcache_20260504_161613\qwen3_moe_math_outputs_vllm_shards\hardmath_mini300_plain_prompt_h200_aggr_b16_s16_rr4_hfcache_shard2_t16384\plain_routing_hybrid\HARDMath_mini\response.jsonl
263,plain,-\frac{3.0 \sin(0.4)}{x (2.4 \cdot 0.4 + 2.3 - 0.8 \sin(0.4))} e^{x (1.2 \cdot 0.4^2 + 2.3 \cdot 0.4 + 0.8 \cos(0.4))},stop,11018,False,C:\Users\Ayham\Documents\New project\results\benchmarks\hardmath\plain_prompt_full300_h200_aggr_b16_s16_rr4_hfcache_20260504_161613\qwen3_moe_math_outputs_vllm_shards\hardmath_mini300_plain_prompt_h200_aggr_b16_s16_rr4_hfcache_shard3_t16384\plain_routing_hybrid\HARDMath_mini\response.jsonl
264,plain,\dfrac{0.0953}{x} e^{0.3888 x},stop,14968,False,C:\Users\Ayham\Documents\New project\results\benchmarks\hardmath\plain_prompt_full300_h200_aggr_b16_s16_rr4_hfcache_20260504_161613\qwen3_moe_math_outputs_vllm_shards\hardmath_mini300_plain_prompt_h200_aggr_b16_s16_rr4_hfcache_shard0_t16384\plain_routing_hybrid\HARDMath_mini\response.jsonl
265,plain,\frac{2.0 \cdot (0.3)^5 + 1.0 \cdot (0.3)^2 + 2.4 \sin(0.3)}{0.162 x} e^{0.0162 x},stop,13440,False,C:\Users\Ayham\Documents\New project\results\benchmarks\hardmath\plain_prompt_full300_h200_aggr_b16_s16_rr4_hfcache_20260504_161613\qwen3_moe_math_outputs_vllm_shards\hardmath_mini300_plain_prompt_h200_aggr_b16_s16_rr4_hfcache_shard1_t16384\plain_routing_hybrid\HARDMath_mini\response.jsonl
266,plain,-\frac{1.7227}{5.993 x} e^{5.2133 x},stop,15534,False,C:\Users\Ayham\Documents\New project\results\benchmarks\hardmath\plain_prompt_full300_h200_aggr_b16_s16_rr4_hfcache_20260504_161613\qwen3_moe_math_outputs_vllm_shards\hardmath_mini300_plain_prompt_h200_aggr_b16_s16_rr4_hfcache_shard2_t16384\plain_routing_hybrid\HARDMath_mini\response.jsonl
267,plain,"-\frac{0.2746 \, e^{0.3529 x}}{x}",stop,13546,False,C:\Users\Ayham\Documents\New project\results\benchmarks\hardmath\plain_prompt_full300_h200_aggr_b16_s16_rr4_hfcache_20260504_161613\qwen3_moe_math_outputs_vllm_shards\hardmath_mini300_plain_prompt_h200_aggr_b16_s16_rr4_hfcache_shard3_t16384\plain_routing_hybrid\HARDMath_mini\response.jsonl
268,plain,-\frac{0.826}{x} e^{1.928 x},stop,15495,False,C:\Users\Ayham\Documents\New project\results\benchmarks\hardmath\plain_prompt_full300_h200_aggr_b16_s16_rr4_hfcache_20260504_161613\qwen3_moe_math_outputs_vllm_shards\hardmath_mini300_plain_prompt_h200_aggr_b16_s16_rr4_hfcache_shard0_t16384\plain_routing_hybrid\HARDMath_mini\response.jsonl
269,plain,\dfrac{1.29}{x} e^{-0.228 x},stop,15782,False,C:\Users\Ayham\Documents\New project\results\benchmarks\hardmath\plain_prompt_full300_h200_aggr_b16_s16_rr4_hfcache_20260504_161613\qwen3_moe_math_outputs_vllm_shards\hardmath_mini300_plain_prompt_h200_aggr_b16_s16_rr4_hfcache_shard1_t16384\plain_routing_hybrid\HARDMath_mini\response.jsonl
270,plain,-\frac{0.5198}{x} e^{-0.008748 x},stop,14625,False,C:\Users\Ayham\Documents\New project\results\benchmarks\hardmath\plain_prompt_full300_h200_aggr_b16_s16_rr4_hfcache_20260504_161613\qwen3_moe_math_outputs_vllm_shards\hardmath_mini300_plain_prompt_h200_aggr_b16_s16_rr4_hfcache_shard2_t16384\plain_routing_hybrid\HARDMath_mini\response.jsonl
271,plain,-\dfrac{0.231}{x} e^{0.185 x},stop,14544,False,C:\Users\Ayham\Documents\New project\results\benchmarks\hardmath\plain_prompt_full300_h200_aggr_b16_s16_rr4_hfcache_20260504_161613\qwen3_moe_math_outputs_vllm_shards\hardmath_mini300_plain_prompt_h200_aggr_b16_s16_rr4_hfcache_shard3_t16384\plain_routing_hybrid\HARDMath_mini\response.jsonl
272,plain,\frac{0.8 \cdot (0.2)^5 + 1.1 \cdot (0.2)^4 + 2.4 \cos(0.2) + 1.2 \arctan(0.2)}{0.288 x} e^{0.0192 x},stop,11107,False,C:\Users\Ayham\Documents\New project\results\benchmarks\hardmath\plain_prompt_full300_h200_aggr_b16_s16_rr4_hfcache_20260504_161613\qwen3_moe_math_outputs_vllm_shards\hardmath_mini300_plain_prompt_h200_aggr_b16_s16_rr4_hfcache_shard0_t16384\plain_routing_hybrid\HARDMath_mini\response.jsonl
273,plain,-\dfrac{0.393}{x} e^{0.881 x},length,16384,True,C:\Users\Ayham\Documents\New project\results\benchmarks\hardmath\plain_prompt_full300_h200_aggr_b16_s16_rr4_hfcache_20260504_161613\qwen3_moe_math_outputs_vllm_shards\hardmath_mini300_plain_prompt_h200_aggr_b16_s16_rr4_hfcache_shard1_t16384\plain_routing_hybrid\HARDMath_mini\response.jsonl
274,plain,- \frac{17 \sin(1) + 7}{115 x} e^{\frac{(24 + 11\pi)x}{20}},stop,12385,False,C:\Users\Ayham\Documents\New project\results\benchmarks\hardmath\plain_prompt_full300_h200_aggr_b16_s16_rr4_hfcache_20260504_161613\qwen3_moe_math_outputs_vllm_shards\hardmath_mini300_plain_prompt_h200_aggr_b16_s16_rr4_hfcache_shard2_t16384\plain_routing_hybrid\HARDMath_mini\response.jsonl
275,plain,\dfrac{2.0}{1.37987} \cdot \dfrac{e^{1.22092 x}}{x},stop,15814,False,C:\Users\Ayham\Documents\New project\results\benchmarks\hardmath\plain_prompt_full300_h200_aggr_b16_s16_rr4_hfcache_20260504_161613\qwen3_moe_math_outputs_vllm_shards\hardmath_mini300_plain_prompt_h200_aggr_b16_s16_rr4_hfcache_shard3_t16384\plain_routing_hybrid\HARDMath_mini\response.jsonl
276,plain,-\dfrac{0.00627}{x} e^{-1.498 x},stop,13241,False,C:\Users\Ayham\Documents\New project\results\benchmarks\hardmath\plain_prompt_full300_h200_aggr_b16_s16_rr4_hfcache_20260504_161613\qwen3_moe_math_outputs_vllm_shards\hardmath_mini300_plain_prompt_h200_aggr_b16_s16_rr4_hfcache_shard0_t16384\plain_routing_hybrid\HARDMath_mini\response.jsonl
277,plain,,length,16384,True,C:\Users\Ayham\Documents\New project\results\benchmarks\hardmath\plain_prompt_full300_h200_aggr_b16_s16_rr4_hfcache_20260504_161613\qwen3_moe_math_outputs_vllm_shards\hardmath_mini300_plain_prompt_h200_aggr_b16_s16_rr4_hfcache_shard1_t16384\plain_routing_hybrid\HARDMath_mini\response.jsonl
278,plain,\frac{1.088 + 2.2 \cos(0.8)}{6.7296 x} e^{3.644736 x},stop,14792,False,C:\Users\Ayham\Documents\New project\results\benchmarks\hardmath\plain_prompt_full300_h200_aggr_b16_s16_rr4_hfcache_20260504_161613\qwen3_moe_math_outputs_vllm_shards\hardmath_mini300_plain_prompt_h200_aggr_b16_s16_rr4_hfcache_shard2_t16384\plain_routing_hybrid\HARDMath_mini\response.jsonl
279,plain,-\dfrac{0.110}{x} e^{-0.467 x},length,16384,True,C:\Users\Ayham\Documents\New project\results\benchmarks\hardmath\plain_prompt_full300_h200_aggr_b16_s16_rr4_hfcache_20260504_161613\qwen3_moe_math_outputs_vllm_shards\hardmath_mini300_plain_prompt_h200_aggr_b16_s16_rr4_hfcache_shard3_t16384\plain_routing_hybrid\HARDMath_mini\response.jsonl
280,plain,\frac{11.727}{x} e^{0.00426 x},stop,14983,False,C:\Users\Ayham\Documents\New project\results\benchmarks\hardmath\plain_prompt_full300_h200_aggr_b16_s16_rr4_hfcache_20260504_161613\qwen3_moe_math_outputs_vllm_shards\hardmath_mini300_plain_prompt_h200_aggr_b16_s16_rr4_hfcache_shard0_t16384\plain_routing_hybrid\HARDMath_mini\response.jsonl
281,plain,\frac{30 \sqrt{\frac{10\pi}{29}}}{29^2 \sqrt{x}} e^{-\frac{729}{290}x},stop,13319,False,C:\Users\Ayham\Documents\New project\results\benchmarks\hardmath\plain_prompt_full300_h200_aggr_b16_s16_rr4_hfcache_20260504_161613\qwen3_moe_math_outputs_vllm_shards\hardmath_mini300_plain_prompt_h200_aggr_b16_s16_rr4_hfcache_shard1_t16384\plain_routing_hybrid\HARDMath_mini\response.jsonl
282,plain,-\dfrac{3.59}{x} e^{-1.84 x},stop,12686,False,C:\Users\Ayham\Documents\New project\results\benchmarks\hardmath\plain_prompt_full300_h200_aggr_b16_s16_rr4_hfcache_20260504_161613\qwen3_moe_math_outputs_vllm_shards\hardmath_mini300_plain_prompt_h200_aggr_b16_s16_rr4_hfcache_shard2_t16384\plain_routing_hybrid\HARDMath_mini\response.jsonl
283,plain,\frac{2.1 \sin(0.4) + 0.3 \arctan(0.4)}{x (1.6 + 0.3 \sin(0.4))} e^{x (0.64 - 0.3 \cos(0.4))},stop,8598,False,C:\Users\Ayham\Documents\New project\results\benchmarks\hardmath\plain_prompt_full300_h200_aggr_b16_s16_rr4_hfcache_20260504_161613\qwen3_moe_math_outputs_vllm_shards\hardmath_mini300_plain_prompt_h200_aggr_b16_s16_rr4_hfcache_shard3_t16384\plain_routing_hybrid\HARDMath_mini\response.jsonl
284,plain,\frac{25}{48} \cdot \frac{\arctan(-0.8)}{x} e^{0.3584 x},stop,13254,False,C:\Users\Ayham\Documents\New project\results\benchmarks\hardmath\plain_prompt_full300_h200_aggr_b16_s16_rr4_hfcache_20260504_161613\qwen3_moe_math_outputs_vllm_shards\hardmath_mini300_plain_prompt_h200_aggr_b16_s16_rr4_hfcache_shard0_t16384\plain_routing_hybrid\HARDMath_mini\response.jsonl
285,plain,\dfrac{2.333}{x} e^{0.0394 x},stop,14764,False,C:\Users\Ayham\Documents\New project\results\benchmarks\hardmath\plain_prompt_full300_h200_aggr_b16_s16_rr4_hfcache_20260504_161613\qwen3_moe_math_outputs_vllm_shards\hardmath_mini300_plain_prompt_h200_aggr_b16_s16_rr4_hfcache_shard1_t16384\plain_routing_hybrid\HARDMath_mini\response.jsonl
286,plain,\dfrac{23}{12} \dfrac{e^{(9/160)x}}{x},stop,11045,False,C:\Users\Ayham\Documents\New project\results\benchmarks\hardmath\plain_prompt_full300_h200_aggr_b16_s16_rr4_hfcache_20260504_161613\qwen3_moe_math_outputs_vllm_shards\hardmath_mini300_plain_prompt_h200_aggr_b16_s16_rr4_hfcache_shard2_t16384\plain_routing_hybrid\HARDMath_mini\response.jsonl
287,plain,,length,16384,True,C:\Users\Ayham\Documents\New project\results\benchmarks\hardmath\plain_prompt_full300_h200_aggr_b16_s16_rr4_hfcache_20260504_161613\qwen3_moe_math_outputs_vllm_shards\hardmath_mini300_plain_prompt_h200_aggr_b16_s16_rr4_hfcache_shard3_t16384\plain_routing_hybrid\HARDMath_mini\response.jsonl
288,plain,\dfrac{0.3426}{x} e^{1.6x},stop,12184,False,C:\Users\Ayham\Documents\New project\results\benchmarks\hardmath\plain_prompt_full300_h200_aggr_b16_s16_rr4_hfcache_20260504_161613\qwen3_moe_math_outputs_vllm_shards\hardmath_mini300_plain_prompt_h200_aggr_b16_s16_rr4_hfcache_shard0_t16384\plain_routing_hybrid\HARDMath_mini\response.jsonl
289,plain,,length,16384,True,C:\Users\Ayham\Documents\New project\results\benchmarks\hardmath\plain_prompt_full300_h200_aggr_b16_s16_rr4_hfcache_20260504_161613\qwen3_moe_math_outputs_vllm_shards\hardmath_mini300_plain_prompt_h200_aggr_b16_s16_rr4_hfcache_shard1_t16384\plain_routing_hybrid\HARDMath_mini\response.jsonl
290,plain,\frac{ -1.56 + \cos(0.6) - 3 \arctan(0.6) }{1.7 x} e^{1.02 x},stop,6833,False,C:\Users\Ayham\Documents\New project\results\benchmarks\hardmath\plain_prompt_full300_h200_aggr_b16_s16_rr4_hfcache_20260504_161613\qwen3_moe_math_outputs_vllm_shards\hardmath_mini300_plain_prompt_h200_aggr_b16_s16_rr4_hfcache_shard2_t16384\plain_routing_hybrid\HARDMath_mini\response.jsonl
291,plain,,length,16384,True,C:\Users\Ayham\Documents\New project\results\benchmarks\hardmath\plain_prompt_full300_h200_aggr_b16_s16_rr4_hfcache_20260504_161613\qwen3_moe_math_outputs_vllm_shards\hardmath_mini300_plain_prompt_h200_aggr_b16_s16_rr4_hfcache_shard3_t16384\plain_routing_hybrid\HARDMath_mini\response.jsonl
292,plain,\frac{0.1917}{x} e^{-0.31104 x},stop,15098,False,C:\Users\Ayham\Documents\New project\results\benchmarks\hardmath\plain_prompt_full300_h200_aggr_b16_s16_rr4_hfcache_20260504_161613\qwen3_moe_math_outputs_vllm_shards\hardmath_mini300_plain_prompt_h200_aggr_b16_s16_rr4_hfcache_shard0_t16384\plain_routing_hybrid\HARDMath_mini\response.jsonl
293,plain,"-\dfrac{0.336 \, e^{0.299 x}}{\sqrt{x}}",stop,13096,False,C:\Users\Ayham\Documents\New project\results\benchmarks\hardmath\plain_prompt_full300_h200_aggr_b16_s16_rr4_hfcache_20260504_161613\qwen3_moe_math_outputs_vllm_shards\hardmath_mini300_plain_prompt_h200_aggr_b16_s16_rr4_hfcache_shard1_t16384\plain_routing_hybrid\HARDMath_mini\response.jsonl
294,plain,\frac{5.755}{x} e^{0.0492 x},length,16384,True,C:\Users\Ayham\Documents\New project\results\benchmarks\hardmath\plain_prompt_full300_h200_aggr_b16_s16_rr4_hfcache_20260504_161613\qwen3_moe_math_outputs_vllm_shards\hardmath_mini300_plain_prompt_h200_aggr_b16_s16_rr4_hfcache_shard2_t16384\plain_routing_hybrid\HARDMath_mini\response.jsonl
295,plain,\frac{0.1153}{x} e^{7.475 x},stop,12972,False,C:\Users\Ayham\Documents\New project\results\benchmarks\hardmath\plain_prompt_full300_h200_aggr_b16_s16_rr4_hfcache_20260504_161613\qwen3_moe_math_outputs_vllm_shards\hardmath_mini300_plain_prompt_h200_aggr_b16_s16_rr4_hfcache_shard3_t16384\plain_routing_hybrid\HARDMath_mini\response.jsonl
296,plain,\frac{0.0875 + 2.2 \cos(0.5)}{3.1 x} e^{x \left(0.55 + 2.5 \arctan(0.5)\right)},stop,15433,False,C:\Users\Ayham\Documents\New project\results\benchmarks\hardmath\plain_prompt_full300_h200_aggr_b16_s16_rr4_hfcache_20260504_161613\qwen3_moe_math_outputs_vllm_shards\hardmath_mini300_plain_prompt_h200_aggr_b16_s16_rr4_hfcache_shard0_t16384\plain_routing_hybrid\HARDMath_mini\response.jsonl
297,plain,\dfrac{0.0991}{x} e^{1.888 x},stop,11322,False,C:\Users\Ayham\Documents\New project\results\benchmarks\hardmath\plain_prompt_full300_h200_aggr_b16_s16_rr4_hfcache_20260504_161613\qwen3_moe_math_outputs_vllm_shards\hardmath_mini300_plain_prompt_h200_aggr_b16_s16_rr4_hfcache_shard1_t16384\plain_routing_hybrid\HARDMath_mini\response.jsonl
298,plain,-\dfrac{2\sqrt{5\pi}}{5} \dfrac{e^{-1.2 x}}{\sqrt{x}},stop,11003,False,C:\Users\Ayham\Documents\New project\results\benchmarks\hardmath\plain_prompt_full300_h200_aggr_b16_s16_rr4_hfcache_20260504_161613\qwen3_moe_math_outputs_vllm_shards\hardmath_mini300_plain_prompt_h200_aggr_b16_s16_rr4_hfcache_shard2_t16384\plain_routing_hybrid\HARDMath_mini\response.jsonl
299,plain,-\frac{0.3005}{x} e^{-0.15392 x},length,16384,True,C:\Users\Ayham\Documents\New project\results\benchmarks\hardmath\plain_prompt_full300_h200_aggr_b16_s16_rr4_hfcache_20260504_161613\qwen3_moe_math_outputs_vllm_shards\hardmath_mini300_plain_prompt_h200_aggr_b16_s16_rr4_hfcache_shard3_t16384\plain_routing_hybrid\HARDMath_mini\response.jsonl
